# iteration	testing	training
0005000	0.0643988816403	0.0494398765334
0010000	0.038769804287	0.0247731566483
0015000	0.0344827586207	0.0177483302733
0020000	0.0306616961789	0.0140762619409
0025000	0.0274930102516	0.0107767222799
0030000	0.0285181733458	0.00965913626567
0035000	0.0252562907735	0.00795614805354
0040000	0.0229263746505	0.00694499880259
0045000	0.0254426840634	0.00838189510657
0050000	0.0244175209692	0.00683856203933
0055000	0.02348555452	0.00596045874245
